variant,method,chart_id,prediction_path,prediction_exists,schema_valid,scored,correct,total,accuracy,failure_stage,failure_error
V5_plan_detail_no_ma,D_SFT,KABE_I06,formal_runs/experiment4/experiment4_source_ablation_formal200_20260503_r1\runs\formal_eval200\V5_plan_detail_no_ma\D_SFT\predictions\V5_plan_detail_no_ma_D_SFT\canonical_json\KABE_I06.json,True,True,True,9,19,0.47368421052631576,,
V5_plan_detail_no_ma,D_SFT,KALS_I02,formal_runs/experiment4/experiment4_source_ablation_formal200_20260503_r1\runs\formal_eval200\V5_plan_detail_no_ma\D_SFT\predictions\V5_plan_detail_no_ma_D_SFT\canonical_json\KALS_I02.json,True,True,True,11,19,0.5789473684210527,,
V5_plan_detail_no_ma,D_SFT,KAMA_I04,formal_runs/experiment4/experiment4_source_ablation_formal200_20260503_r1\runs\formal_eval200\V5_plan_detail_no_ma\D_SFT\predictions\V5_plan_detail_no_ma_D_SFT\canonical_json\KAMA_I04.json,True,True,True,15,19,0.7894736842105263,,
V5_plan_detail_no_ma,D_SFT,KAPC_I01L,formal_runs/experiment4/experiment4_source_ablation_formal200_20260503_r1\runs\formal_eval200\V5_plan_detail_no_ma\D_SFT\predictions\V5_plan_detail_no_ma_D_SFT\canonical_json\KAPC_I01L.json,True,True,True,10,25,0.4,,
V5_plan_detail_no_ma,D_SFT,KATL_I09R,formal_runs/experiment4/experiment4_source_ablation_formal200_20260503_r1\runs\formal_eval200\V5_plan_detail_no_ma\D_SFT\predictions\V5_plan_detail_no_ma_D_SFT\canonical_json\KATL_I09R.json,True,True,True,8,19,0.42105263157894735,,
V5_plan_detail_no_ma,D_SFT,KAUS_I18L,formal_runs/experiment4/experiment4_source_ablation_formal200_20260503_r1\runs\formal_eval200\V5_plan_detail_no_ma\D_SFT\predictions\V5_plan_detail_no_ma_D_SFT\canonical_json\KAUS_I18L.json,True,True,True,9,25,0.36,,
V5_plan_detail_no_ma,D_SFT,KBUY_I06-Z,formal_runs/experiment4/experiment4_source_ablation_formal200_20260503_r1\runs\formal_eval200\V5_plan_detail_no_ma\D_SFT\predictions\V5_plan_detail_no_ma_D_SFT\canonical_json\KBUY_I06-Z.json,True,True,True,12,19,0.631578947368421,,
V5_plan_detail_no_ma,D_SFT,KBWG_I03-Y,formal_runs/experiment4/experiment4_source_ablation_formal200_20260503_r1\runs\formal_eval200\V5_plan_detail_no_ma\D_SFT\predictions\V5_plan_detail_no_ma_D_SFT\canonical_json\KBWG_I03-Y.json,True,True,True,15,19,0.7894736842105263,,
V5_plan_detail_no_ma,D_SFT,KCMH_I10R,formal_runs/experiment4/experiment4_source_ablation_formal200_20260503_r1\runs\formal_eval200\V5_plan_detail_no_ma\D_SFT\predictions\V5_plan_detail_no_ma_D_SFT\canonical_json\KCMH_I10R.json,True,True,True,12,19,0.631578947368421,,
V5_plan_detail_no_ma,D_SFT,KAXH_L09,formal_runs/experiment4/experiment4_source_ablation_formal200_20260503_r1\runs\formal_eval200\V5_plan_detail_no_ma\D_SFT\predictions\V5_plan_detail_no_ma_D_SFT\canonical_json\KAXH_L09.json,False,False,False,,,,missing_prediction,prediction json does not exist
V5_plan_detail_no_ma,D_SFT,KBDL_L33,formal_runs/experiment4/experiment4_source_ablation_formal200_20260503_r1\runs\formal_eval200\V5_plan_detail_no_ma\D_SFT\predictions\V5_plan_detail_no_ma_D_SFT\canonical_json\KBDL_L33.json,True,True,True,13,19,0.6842105263157895,,
V5_plan_detail_no_ma,D_SFT,KBFF_L12,formal_runs/experiment4/experiment4_source_ablation_formal200_20260503_r1\runs\formal_eval200\V5_plan_detail_no_ma\D_SFT\predictions\V5_plan_detail_no_ma_D_SFT\canonical_json\KBFF_L12.json,True,True,True,17,19,0.8947368421052632,,
V5_plan_detail_no_ma,D_SFT,KBOS_L15R,formal_runs/experiment4/experiment4_source_ablation_formal200_20260503_r1\runs\formal_eval200\V5_plan_detail_no_ma\D_SFT\predictions\V5_plan_detail_no_ma_D_SFT\canonical_json\KBOS_L15R.json,True,True,True,4,13,0.3076923076923077,,
V5_plan_detail_no_ma,D_SFT,KBUR_L08-Z,formal_runs/experiment4/experiment4_source_ablation_formal200_20260503_r1\runs\formal_eval200\V5_plan_detail_no_ma\D_SFT\predictions\V5_plan_detail_no_ma_D_SFT\canonical_json\KBUR_L08-Z.json,True,True,True,9,25,0.36,,
V5_plan_detail_no_ma,D_SFT,KCEC_L12,formal_runs/experiment4/experiment4_source_ablation_formal200_20260503_r1\runs\formal_eval200\V5_plan_detail_no_ma\D_SFT\predictions\V5_plan_detail_no_ma_D_SFT\canonical_json\KCEC_L12.json,True,True,True,9,19,0.47368421052631576,,
V5_plan_detail_no_ma,D_SFT,KCRW_L05,formal_runs/experiment4/experiment4_source_ablation_formal200_20260503_r1\runs\formal_eval200\V5_plan_detail_no_ma\D_SFT\predictions\V5_plan_detail_no_ma_D_SFT\canonical_json\KCRW_L05.json,True,True,True,14,19,0.7368421052631579,,
V5_plan_detail_no_ma,D_SFT,KALN_L29,formal_runs/experiment4/experiment4_source_ablation_formal200_20260503_r1\runs\formal_eval200\V5_plan_detail_no_ma\D_SFT\predictions\V5_plan_detail_no_ma_D_SFT\canonical_json\KALN_L29.json,True,True,True,10,25,0.4,,
V5_plan_detail_no_ma,D_SFT,KALO_L12,formal_runs/experiment4/experiment4_source_ablation_formal200_20260503_r1\runs\formal_eval200\V5_plan_detail_no_ma\D_SFT\predictions\V5_plan_detail_no_ma_D_SFT\canonical_json\KALO_L12.json,True,True,True,11,19,0.5789473684210527,,
V5_plan_detail_no_ma,D_SFT,KAWM_L17,formal_runs/experiment4/experiment4_source_ablation_formal200_20260503_r1\runs\formal_eval200\V5_plan_detail_no_ma\D_SFT\predictions\V5_plan_detail_no_ma_D_SFT\canonical_json\KAWM_L17.json,True,True,True,15,19,0.7894736842105263,,
V5_plan_detail_no_ma,D_SFT,KBRD_L34,formal_runs/experiment4/experiment4_source_ablation_formal200_20260503_r1\runs\formal_eval200\V5_plan_detail_no_ma\D_SFT\predictions\V5_plan_detail_no_ma_D_SFT\canonical_json\KBRD_L34.json,True,True,True,15,19,0.7894736842105263,,
V5_plan_detail_no_ma,D_SFT,KBTL_L23R,formal_runs/experiment4/experiment4_source_ablation_formal200_20260503_r1\runs\formal_eval200\V5_plan_detail_no_ma\D_SFT\predictions\V5_plan_detail_no_ma_D_SFT\canonical_json\KBTL_L23R.json,True,True,True,17,19,0.8947368421052632,,
V5_plan_detail_no_ma,D_SFT,KBTP_L08,formal_runs/experiment4/experiment4_source_ablation_formal200_20260503_r1\runs\formal_eval200\V5_plan_detail_no_ma\D_SFT\predictions\V5_plan_detail_no_ma_D_SFT\canonical_json\KBTP_L08.json,True,True,True,17,19,0.8947368421052632,,
V5_plan_detail_no_ma,D_SFT,KBWI_L15L,formal_runs/experiment4/experiment4_source_ablation_formal200_20260503_r1\runs\formal_eval200\V5_plan_detail_no_ma\D_SFT\predictions\V5_plan_detail_no_ma_D_SFT\canonical_json\KBWI_L15L.json,True,True,True,11,19,0.5789473684210527,,
V5_plan_detail_no_ma,D_SFT,KCAK_L01,formal_runs/experiment4/experiment4_source_ablation_formal200_20260503_r1\runs\formal_eval200\V5_plan_detail_no_ma\D_SFT\predictions\V5_plan_detail_no_ma_D_SFT\canonical_json\KCAK_L01.json,True,True,True,16,19,0.8421052631578947,,
V5_plan_detail_no_ma,D_SFT,KCBF_L36,formal_runs/experiment4/experiment4_source_ablation_formal200_20260503_r1\runs\formal_eval200\V5_plan_detail_no_ma\D_SFT\predictions\V5_plan_detail_no_ma_D_SFT\canonical_json\KCBF_L36.json,True,True,True,15,19,0.7894736842105263,,
V5_plan_detail_no_ma,D_SFT,KCJR_L04,formal_runs/experiment4/experiment4_source_ablation_formal200_20260503_r1\runs\formal_eval200\V5_plan_detail_no_ma\D_SFT\predictions\V5_plan_detail_no_ma_D_SFT\canonical_json\KCJR_L04.json,True,False,False,,,,schema_validation,chart_id: 'KSFRA_L316' does not match '^[A-Z]{4}_[A-Z0-9\\-]+$'; procedure.airport: 'KSFRA' does not match '^[A-Z]{4}$'
V5_plan_detail_no_ma,D_SFT,KAFN_RNV-B,formal_runs/experiment4/experiment4_source_ablation_formal200_20260503_r1\runs\formal_eval200\V5_plan_detail_no_ma\D_SFT\predictions\V5_plan_detail_no_ma_D_SFT\canonical_json\KAFN_RNV-B.json,True,True,True,14,19,0.7368421052631579,,
V5_plan_detail_no_ma,D_SFT,KAFN_RNV-C,formal_runs/experiment4/experiment4_source_ablation_formal200_20260503_r1\runs\formal_eval200\V5_plan_detail_no_ma\D_SFT\predictions\V5_plan_detail_no_ma_D_SFT\canonical_json\KAFN_RNV-C.json,True,True,True,11,19,0.5789473684210527,,
V5_plan_detail_no_ma,D_SFT,KANP_RNV-A,formal_runs/experiment4/experiment4_source_ablation_formal200_20260503_r1\runs\formal_eval200\V5_plan_detail_no_ma\D_SFT\predictions\V5_plan_detail_no_ma_D_SFT\canonical_json\KANP_RNV-A.json,True,False,False,,,,schema_validation,chart_id: 'KGRCO_L295' does not match '^[A-Z]{4}_[A-Z0-9\\-]+$'; procedure.airport: 'KGRCO' does not match '^[A-Z]{4}$'
V5_plan_detail_no_ma,D_SFT,KAPT_R04,formal_runs/experiment4/experiment4_source_ablation_formal200_20260503_r1\runs\formal_eval200\V5_plan_detail_no_ma\D_SFT\predictions\V5_plan_detail_no_ma_D_SFT\canonical_json\KAPT_R04.json,True,True,True,10,25,0.4,,
V5_plan_detail_no_ma,D_SFT,KAQW_RNV-A,formal_runs/experiment4/experiment4_source_ablation_formal200_20260503_r1\runs\formal_eval200\V5_plan_detail_no_ma\D_SFT\predictions\V5_plan_detail_no_ma_D_SFT\canonical_json\KAQW_RNV-A.json,True,False,False,,,,schema_validation,chart_id: 'KKNRS_L25' does not match '^[A-Z]{4}_[A-Z0-9\\-]+$'; procedure.airport: 'KKNRS' does not match '^[A-Z]{4}$'
V5_plan_detail_no_ma,D_SFT,KAQW_RNV-B,formal_runs/experiment4/experiment4_source_ablation_formal200_20260503_r1\runs\formal_eval200\V5_plan_detail_no_ma\D_SFT\predictions\V5_plan_detail_no_ma_D_SFT\canonical_json\KAQW_RNV-B.json,True,True,True,12,19,0.631578947368421,,
V5_plan_detail_no_ma,D_SFT,KAVQ_R12,formal_runs/experiment4/experiment4_source_ablation_formal200_20260503_r1\runs\formal_eval200\V5_plan_detail_no_ma\D_SFT\predictions\V5_plan_detail_no_ma_D_SFT\canonical_json\KAVQ_R12.json,True,True,True,17,19,0.8947368421052632,,
V5_plan_detail_no_ma,D_SFT,KAVQ_R21,formal_runs/experiment4/experiment4_source_ablation_formal200_20260503_r1\runs\formal_eval200\V5_plan_detail_no_ma\D_SFT\predictions\V5_plan_detail_no_ma_D_SFT\canonical_json\KAVQ_R21.json,True,True,True,10,25,0.4,,
V5_plan_detail_no_ma,D_SFT,KAXH_R27,formal_runs/experiment4/experiment4_source_ablation_formal200_20260503_r1\runs\formal_eval200\V5_plan_detail_no_ma\D_SFT\predictions\V5_plan_detail_no_ma_D_SFT\canonical_json\KAXH_R27.json,True,True,True,12,19,0.631578947368421,,
V5_plan_detail_no_ma,D_SFT,KBDN_R34,formal_runs/experiment4/experiment4_source_ablation_formal200_20260503_r1\runs\formal_eval200\V5_plan_detail_no_ma\D_SFT\predictions\V5_plan_detail_no_ma_D_SFT\canonical_json\KBDN_R34.json,True,True,True,11,25,0.44,,
V5_plan_detail_no_ma,D_SFT,KBJC_R12L,formal_runs/experiment4/experiment4_source_ablation_formal200_20260503_r1\runs\formal_eval200\V5_plan_detail_no_ma\D_SFT\predictions\V5_plan_detail_no_ma_D_SFT\canonical_json\KBJC_R12L.json,True,False,False,,,,schema_validation,chart_id: 'KNSPY_I05' does not match '^[A-Z]{4}_[A-Z0-9\\-]+$'; procedure.airport: 'KNSPY' does not match '^[A-Z]{4}$'
V5_plan_detail_no_ma,D_SFT,KBLF_R05,formal_runs/experiment4/experiment4_source_ablation_formal200_20260503_r1\runs\formal_eval200\V5_plan_detail_no_ma\D_SFT\predictions\V5_plan_detail_no_ma_D_SFT\canonical_json\KBLF_R05.json,True,True,True,16,19,0.8421052631578947,,
V5_plan_detail_no_ma,D_SFT,KBMQ_R01,formal_runs/experiment4/experiment4_source_ablation_formal200_20260503_r1\runs\formal_eval200\V5_plan_detail_no_ma\D_SFT\predictions\V5_plan_detail_no_ma_D_SFT\canonical_json\KBMQ_R01.json,True,False,False,,,,schema_validation,chart_id: 'KCTAF_L30' does not match '^[A-Z]{4}_[A-Z0-9\\-]+$'; procedure.airport: 'KCTAF' does not match '^[A-Z]{4}$'
V5_plan_detail_no_ma,D_SFT,KBOS_R32,formal_runs/experiment4/experiment4_source_ablation_formal200_20260503_r1\runs\formal_eval200\V5_plan_detail_no_ma\D_SFT\predictions\V5_plan_detail_no_ma_D_SFT\canonical_json\KBOS_R32.json,True,False,False,,,,schema_validation,chart_id: 'KSCUP_L16' does not match '^[A-Z]{4}_[A-Z0-9\\-]+$'; procedure.airport: 'KSCUP' does not match '^[A-Z]{4}$'
V5_plan_detail_no_ma,D_SFT,KBUR_R08-Z,formal_runs/experiment4/experiment4_source_ablation_formal200_20260503_r1\runs\formal_eval200\V5_plan_detail_no_ma\D_SFT\predictions\V5_plan_detail_no_ma_D_SFT\canonical_json\KBUR_R08-Z.json,False,False,False,,,,missing_prediction,prediction json does not exist
V5_plan_detail_no_ma,D_SFT,KCEA_RNV-D,formal_runs/experiment4/experiment4_source_ablation_formal200_20260503_r1\runs\formal_eval200\V5_plan_detail_no_ma\D_SFT\predictions\V5_plan_detail_no_ma_D_SFT\canonical_json\KCEA_RNV-D.json,True,True,True,14,19,0.7368421052631579,,
V5_plan_detail_no_ma,D_SFT,KCII_R33,formal_runs/experiment4/experiment4_source_ablation_formal200_20260503_r1\runs\formal_eval200\V5_plan_detail_no_ma\D_SFT\predictions\V5_plan_detail_no_ma_D_SFT\canonical_json\KCII_R33.json,True,True,True,12,19,0.631578947368421,,
V5_plan_detail_no_ma,D_SFT,KADF_R22,formal_runs/experiment4/experiment4_source_ablation_formal200_20260503_r1\runs\formal_eval200\V5_plan_detail_no_ma\D_SFT\predictions\V5_plan_detail_no_ma_D_SFT\canonical_json\KADF_R22.json,True,True,True,12,19,0.631578947368421,,
V5_plan_detail_no_ma,D_SFT,KAKH_R03,formal_runs/experiment4/experiment4_source_ablation_formal200_20260503_r1\runs\formal_eval200\V5_plan_detail_no_ma\D_SFT\predictions\V5_plan_detail_no_ma_D_SFT\canonical_json\KAKH_R03.json,True,False,False,,,,schema_validation,chart_id: 'KGAFF_I03' does not match '^[A-Z]{4}_[A-Z0-9\\-]+$'; procedure.airport: 'KGAFF' does not match '^[A-Z]{4}$'
V5_plan_detail_no_ma,D_SFT,KAOO_R03-Z,formal_runs/experiment4/experiment4_source_ablation_formal200_20260503_r1\runs\formal_eval200\V5_plan_detail_no_ma\D_SFT\predictions\V5_plan_detail_no_ma_D_SFT\canonical_json\KAOO_R03-Z.json,True,True,True,10,25,0.4,,
V5_plan_detail_no_ma,D_SFT,KAOO_R21,formal_runs/experiment4/experiment4_source_ablation_formal200_20260503_r1\runs\formal_eval200\V5_plan_detail_no_ma\D_SFT\predictions\V5_plan_detail_no_ma_D_SFT\canonical_json\KAOO_R21.json,True,True,True,12,25,0.48,,
V5_plan_detail_no_ma,D_SFT,KARG_R04,formal_runs/experiment4/experiment4_source_ablation_formal200_20260503_r1\runs\formal_eval200\V5_plan_detail_no_ma\D_SFT\predictions\V5_plan_detail_no_ma_D_SFT\canonical_json\KARG_R04.json,True,True,True,12,19,0.631578947368421,,
V5_plan_detail_no_ma,D_SFT,KAWG_R36,formal_runs/experiment4/experiment4_source_ablation_formal200_20260503_r1\runs\formal_eval200\V5_plan_detail_no_ma\D_SFT\predictions\V5_plan_detail_no_ma_D_SFT\canonical_json\KAWG_R36.json,True,True,True,16,19,0.8421052631578947,,
V5_plan_detail_no_ma,D_SFT,KAXV_R26,formal_runs/experiment4/experiment4_source_ablation_formal200_20260503_r1\runs\formal_eval200\V5_plan_detail_no_ma\D_SFT\predictions\V5_plan_detail_no_ma_D_SFT\canonical_json\KAXV_R26.json,True,True,True,14,19,0.7368421052631579,,
V5_plan_detail_no_ma,D_SFT,KBFD_R14,formal_runs/experiment4/experiment4_source_ablation_formal200_20260503_r1\runs\formal_eval200\V5_plan_detail_no_ma\D_SFT\predictions\V5_plan_detail_no_ma_D_SFT\canonical_json\KBFD_R14.json,True,True,True,14,19,0.7368421052631579,,
V5_plan_detail_no_ma,D_SFT,KBKX_R30,formal_runs/experiment4/experiment4_source_ablation_formal200_20260503_r1\runs\formal_eval200\V5_plan_detail_no_ma\D_SFT\predictions\V5_plan_detail_no_ma_D_SFT\canonical_json\KBKX_R30.json,True,True,True,15,19,0.7894736842105263,,
V5_plan_detail_no_ma,D_SFT,KBLV_R32RY,formal_runs/experiment4/experiment4_source_ablation_formal200_20260503_r1\runs\formal_eval200\V5_plan_detail_no_ma\D_SFT\predictions\V5_plan_detail_no_ma_D_SFT\canonical_json\KBLV_R32RY.json,True,True,True,13,19,0.6842105263157895,,
V5_plan_detail_no_ma,D_SFT,KBTR_R04L,formal_runs/experiment4/experiment4_source_ablation_formal200_20260503_r1\runs\formal_eval200\V5_plan_detail_no_ma\D_SFT\predictions\V5_plan_detail_no_ma_D_SFT\canonical_json\KBTR_R04L.json,True,False,False,,,,schema_validation,chart_id: 'KUREC_K04L' does not match '^[A-Z]{4}_[A-Z0-9\\-]+$'; procedure.airport: 'KUREC' does not match '^[A-Z]{4}$'
V5_plan_detail_no_ma,D_SFT,KBUM_R18,formal_runs/experiment4/experiment4_source_ablation_formal200_20260503_r1\runs\formal_eval200\V5_plan_detail_no_ma\D_SFT\predictions\V5_plan_detail_no_ma_D_SFT\canonical_json\KBUM_R18.json,True,True,True,16,19,0.8421052631578947,,
V5_plan_detail_no_ma,D_SFT,KBXA_R18,formal_runs/experiment4/experiment4_source_ablation_formal200_20260503_r1\runs\formal_eval200\V5_plan_detail_no_ma\D_SFT\predictions\V5_plan_detail_no_ma_D_SFT\canonical_json\KBXA_R18.json,True,True,True,15,19,0.7894736842105263,,
V5_plan_detail_no_ma,D_SFT,KBYH_R36,formal_runs/experiment4/experiment4_source_ablation_formal200_20260503_r1\runs\formal_eval200\V5_plan_detail_no_ma\D_SFT\predictions\V5_plan_detail_no_ma_D_SFT\canonical_json\KBYH_R36.json,True,True,True,14,19,0.7368421052631579,,
V5_plan_detail_no_ma,D_SFT,KCAO_R02,formal_runs/experiment4/experiment4_source_ablation_formal200_20260503_r1\runs\formal_eval200\V5_plan_detail_no_ma\D_SFT\predictions\V5_plan_detail_no_ma_D_SFT\canonical_json\KCAO_R02.json,True,True,True,13,19,0.6842105263157895,,
V5_plan_detail_no_ma,D_SFT,KCBF_R36,formal_runs/experiment4/experiment4_source_ablation_formal200_20260503_r1\runs\formal_eval200\V5_plan_detail_no_ma\D_SFT\predictions\V5_plan_detail_no_ma_D_SFT\canonical_json\KCBF_R36.json,True,True,True,17,19,0.8947368421052632,,
V5_plan_detail_no_ma,D_SFT,KCDI_R04,formal_runs/experiment4/experiment4_source_ablation_formal200_20260503_r1\runs\formal_eval200\V5_plan_detail_no_ma\D_SFT\predictions\V5_plan_detail_no_ma_D_SFT\canonical_json\KCDI_R04.json,True,False,False,,,,schema_validation,chart_id: 'KBELL_K04' does not match '^[A-Z]{4}_[A-Z0-9\\-]+$'; procedure.airport: 'KBELL' does not match '^[A-Z]{4}$'
V5_plan_detail_no_ma,D_SFT,KCDS_R36,formal_runs/experiment4/experiment4_source_ablation_formal200_20260503_r1\runs\formal_eval200\V5_plan_detail_no_ma\D_SFT\predictions\V5_plan_detail_no_ma_D_SFT\canonical_json\KCDS_R36.json,True,True,True,16,19,0.8421052631578947,,
V5_plan_detail_no_ma,D_SFT,KCGI_R10,formal_runs/experiment4/experiment4_source_ablation_formal200_20260503_r1\runs\formal_eval200\V5_plan_detail_no_ma\D_SFT\predictions\V5_plan_detail_no_ma_D_SFT\canonical_json\KCGI_R10.json,True,True,True,14,19,0.7368421052631579,,
V5_plan_detail_no_ma,D_SFT,KCHO_R03,formal_runs/experiment4/experiment4_source_ablation_formal200_20260503_r1\runs\formal_eval200\V5_plan_detail_no_ma\D_SFT\predictions\V5_plan_detail_no_ma_D_SFT\canonical_json\KCHO_R03.json,True,True,True,14,19,0.7368421052631579,,
V5_plan_detail_no_ma,D_SFT,KCNC_R10,formal_runs/experiment4/experiment4_source_ablation_formal200_20260503_r1\runs\formal_eval200\V5_plan_detail_no_ma\D_SFT\predictions\V5_plan_detail_no_ma_D_SFT\canonical_json\KCNC_R10.json,False,False,False,,,,missing_prediction,prediction json does not exist
V5_plan_detail_no_ma,D_SFT,KCOI_R11,formal_runs/experiment4/experiment4_source_ablation_formal200_20260503_r1\runs\formal_eval200\V5_plan_detail_no_ma\D_SFT\predictions\V5_plan_detail_no_ma_D_SFT\canonical_json\KCOI_R11.json,True,True,True,12,25,0.48,,
V5_plan_detail_no_ma,D_SFT,KCRS_R32,formal_runs/experiment4/experiment4_source_ablation_formal200_20260503_r1\runs\formal_eval200\V5_plan_detail_no_ma\D_SFT\predictions\V5_plan_detail_no_ma_D_SFT\canonical_json\KCRS_R32.json,True,True,True,17,19,0.8947368421052632,,
V5_plan_detail_no_ma,D_SFT,KANB_R05,formal_runs/experiment4/experiment4_source_ablation_formal200_20260503_r1\runs\formal_eval200\V5_plan_detail_no_ma\D_SFT\predictions\V5_plan_detail_no_ma_D_SFT\canonical_json\KANB_R05.json,True,False,False,,,,schema_validation,chart_id: 'KINTZ_L05' does not match '^[A-Z]{4}_[A-Z0-9\\-]+$'; procedure.airport: 'KINTZ' does not match '^[A-Z]{4}$'
V5_plan_detail_no_ma,D_SFT,KAST_R26,formal_runs/experiment4/experiment4_source_ablation_formal200_20260503_r1\runs\formal_eval200\V5_plan_detail_no_ma\D_SFT\predictions\V5_plan_detail_no_ma_D_SFT\canonical_json\KAST_R26.json,True,False,False,,,,schema_validation,chart_id: 'OLM_OLM_K081' does not match '^[A-Z]{4}_[A-Z0-9\\-]+$'; procedure.airport: 'OLM' does not match '^[A-Z]{4}$'
V5_plan_detail_no_ma,D_SFT,KABE_R13,formal_runs/experiment4/experiment4_source_ablation_formal200_20260503_r1\runs\formal_eval200\V5_plan_detail_no_ma\D_SFT\predictions\V5_plan_detail_no_ma_D_SFT\canonical_json\KABE_R13.json,True,False,False,,,,schema_validation,chart_id: 'KOCEC_K13' does not match '^[A-Z]{4}_[A-Z0-9\\-]+$'; procedure.airport: 'KOCEC' does not match '^[A-Z]{4}$'
V5_plan_detail_no_ma,D_SFT,KABE_R24,formal_runs/experiment4/experiment4_source_ablation_formal200_20260503_r1\runs\formal_eval200\V5_plan_detail_no_ma\D_SFT\predictions\V5_plan_detail_no_ma_D_SFT\canonical_json\KABE_R24.json,True,True,True,12,25,0.48,,
V5_plan_detail_no_ma,D_SFT,KABY_R05,formal_runs/experiment4/experiment4_source_ablation_formal200_20260503_r1\runs\formal_eval200\V5_plan_detail_no_ma\D_SFT\predictions\V5_plan_detail_no_ma_D_SFT\canonical_json\KABY_R05.json,True,True,True,11,25,0.44,,
V5_plan_detail_no_ma,D_SFT,KABY_R17,formal_runs/experiment4/experiment4_source_ablation_formal200_20260503_r1\runs\formal_eval200\V5_plan_detail_no_ma\D_SFT\predictions\V5_plan_detail_no_ma_D_SFT\canonical_json\KABY_R17.json,True,False,False,,,,schema_validation,"$: Additional properties are not allowed ('approach', 'chart_name' were unexpected)"
V5_plan_detail_no_ma,D_SFT,KABY_R23,formal_runs/experiment4/experiment4_source_ablation_formal200_20260503_r1\runs\formal_eval200\V5_plan_detail_no_ma\D_SFT\predictions\V5_plan_detail_no_ma_D_SFT\canonical_json\KABY_R23.json,True,True,True,12,25,0.48,,
V5_plan_detail_no_ma,D_SFT,KACK_R33,formal_runs/experiment4/experiment4_source_ablation_formal200_20260503_r1\runs\formal_eval200\V5_plan_detail_no_ma\D_SFT\predictions\V5_plan_detail_no_ma_D_SFT\canonical_json\KACK_R33.json,True,True,True,12,25,0.48,,
V5_plan_detail_no_ma,D_SFT,KACY_R13-Y,formal_runs/experiment4/experiment4_source_ablation_formal200_20260503_r1\runs\formal_eval200\V5_plan_detail_no_ma\D_SFT\predictions\V5_plan_detail_no_ma_D_SFT\canonical_json\KACY_R13-Y.json,True,True,True,11,25,0.44,,
V5_plan_detail_no_ma,D_SFT,KACY_R31-Y,formal_runs/experiment4/experiment4_source_ablation_formal200_20260503_r1\runs\formal_eval200\V5_plan_detail_no_ma\D_SFT\predictions\V5_plan_detail_no_ma_D_SFT\canonical_json\KACY_R31-Y.json,True,True,True,13,25,0.52,,
V5_plan_detail_no_ma,D_SFT,KAFW_R34R,formal_runs/experiment4/experiment4_source_ablation_formal200_20260503_r1\runs\formal_eval200\V5_plan_detail_no_ma\D_SFT\predictions\V5_plan_detail_no_ma_D_SFT\canonical_json\KAFW_R34R.json,True,True,True,11,25,0.44,,
V5_plan_detail_no_ma,D_SFT,KAGC_R10,formal_runs/experiment4/experiment4_source_ablation_formal200_20260503_r1\runs\formal_eval200\V5_plan_detail_no_ma\D_SFT\predictions\V5_plan_detail_no_ma_D_SFT\canonical_json\KAGC_R10.json,True,False,False,,,,schema_validation,chart_id: 'KNEST_I01' does not match '^[A-Z]{4}_[A-Z0-9\\-]+$'; procedure.airport: 'KNEST' does not match '^[A-Z]{4}$'
V5_plan_detail_no_ma,D_SFT,KAGC_R28,formal_runs/experiment4/experiment4_source_ablation_formal200_20260503_r1\runs\formal_eval200\V5_plan_detail_no_ma\D_SFT\predictions\V5_plan_detail_no_ma_D_SFT\canonical_json\KAGC_R28.json,True,True,True,11,25,0.44,,
V5_plan_detail_no_ma,D_SFT,KAKH_R21,formal_runs/experiment4/experiment4_source_ablation_formal200_20260503_r1\runs\formal_eval200\V5_plan_detail_no_ma\D_SFT\predictions\V5_plan_detail_no_ma_D_SFT\canonical_json\KAKH_R21.json,True,True,True,10,25,0.4,,
V5_plan_detail_no_ma,D_SFT,KALB_R10,formal_runs/experiment4/experiment4_source_ablation_formal200_20260503_r1\runs\formal_eval200\V5_plan_detail_no_ma\D_SFT\predictions\V5_plan_detail_no_ma_D_SFT\canonical_json\KALB_R10.json,True,False,False,,,,schema_validation,"$: Additional properties are not allowed ('approach', 'chart_name' were unexpected); chart_id: 'KMARI_KV2' does not match '^[A-Z]{4}_[A-Z0-9\\-]+$'; procedure.airport: 'KMARI' does not match '^[A-Z]{4}$'"
V5_plan_detail_no_ma,D_SFT,KALB_R19-Y,formal_runs/experiment4/experiment4_source_ablation_formal200_20260503_r1\runs\formal_eval200\V5_plan_detail_no_ma\D_SFT\predictions\V5_plan_detail_no_ma_D_SFT\canonical_json\KALB_R19-Y.json,True,True,True,11,25,0.44,,
V5_plan_detail_no_ma,D_SFT,KALB_R28,formal_runs/experiment4/experiment4_source_ablation_formal200_20260503_r1\runs\formal_eval200\V5_plan_detail_no_ma\D_SFT\predictions\V5_plan_detail_no_ma_D_SFT\canonical_json\KALB_R28.json,True,True,True,10,25,0.4,,
V5_plan_detail_no_ma,D_SFT,KALN_R17,formal_runs/experiment4/experiment4_source_ablation_formal200_20260503_r1\runs\formal_eval200\V5_plan_detail_no_ma\D_SFT\predictions\V5_plan_detail_no_ma_D_SFT\canonical_json\KALN_R17.json,True,True,True,11,25,0.44,,
V5_plan_detail_no_ma,D_SFT,KALS_R02,formal_runs/experiment4/experiment4_source_ablation_formal200_20260503_r1\runs\formal_eval200\V5_plan_detail_no_ma\D_SFT\predictions\V5_plan_detail_no_ma_D_SFT\canonical_json\KALS_R02.json,True,True,True,10,25,0.4,,
V5_plan_detail_no_ma,D_SFT,KALW_R02,formal_runs/experiment4/experiment4_source_ablation_formal200_20260503_r1\runs\formal_eval200\V5_plan_detail_no_ma\D_SFT\predictions\V5_plan_detail_no_ma_D_SFT\canonical_json\KALW_R02.json,True,True,True,11,25,0.44,,
V5_plan_detail_no_ma,D_SFT,KAMA_R04-Y,formal_runs/experiment4/experiment4_source_ablation_formal200_20260503_r1\runs\formal_eval200\V5_plan_detail_no_ma\D_SFT\predictions\V5_plan_detail_no_ma_D_SFT\canonical_json\KAMA_R04-Y.json,True,True,True,11,25,0.44,,
V5_plan_detail_no_ma,D_SFT,KAMA_R13-Y,formal_runs/experiment4/experiment4_source_ablation_formal200_20260503_r1\runs\formal_eval200\V5_plan_detail_no_ma\D_SFT\predictions\V5_plan_detail_no_ma_D_SFT\canonical_json\KAMA_R13-Y.json,True,True,True,10,25,0.4,,
V5_plan_detail_no_ma,D_SFT,KANJ_R14,formal_runs/experiment4/experiment4_source_ablation_formal200_20260503_r1\runs\formal_eval200\V5_plan_detail_no_ma\D_SFT\predictions\V5_plan_detail_no_ma_D_SFT\canonical_json\KANJ_R14.json,True,False,False,,,,schema_validation,chart_id: 'K2100_L14' does not match '^[A-Z]{4}_[A-Z0-9\\-]+$'; procedure.airport: 'K2100' does not match '^[A-Z]{4}$'
V5_plan_detail_no_ma,D_SFT,KAPC_R01LY,formal_runs/experiment4/experiment4_source_ablation_formal200_20260503_r1\runs\formal_eval200\V5_plan_detail_no_ma\D_SFT\predictions\V5_plan_detail_no_ma_D_SFT\canonical_json\KAPC_R01LY.json,True,True,True,12,25,0.48,,
V5_plan_detail_no_ma,D_SFT,KAPC_R01LZ,formal_runs/experiment4/experiment4_source_ablation_formal200_20260503_r1\runs\formal_eval200\V5_plan_detail_no_ma\D_SFT\predictions\V5_plan_detail_no_ma_D_SFT\canonical_json\KAPC_R01LZ.json,True,True,True,12,25,0.48,,
V5_plan_detail_no_ma,D_SFT,KARV_R18,formal_runs/experiment4/experiment4_source_ablation_formal200_20260503_r1\runs\formal_eval200\V5_plan_detail_no_ma\D_SFT\predictions\V5_plan_detail_no_ma_D_SFT\canonical_json\KARV_R18.json,True,False,False,,,,schema_validation,chart_id: 'KWD_I24' does not match '^[A-Z]{4}_[A-Z0-9\\-]+$'; procedure.airport: 'KWD' does not match '^[A-Z]{4}$'
V5_plan_detail_no_ma,D_SFT,KARV_R28,formal_runs/experiment4/experiment4_source_ablation_formal200_20260503_r1\runs\formal_eval200\V5_plan_detail_no_ma\D_SFT\predictions\V5_plan_detail_no_ma_D_SFT\canonical_json\KARV_R28.json,True,True,True,9,25,0.36,,
V5_plan_detail_no_ma,D_SFT,KAAA_R03,formal_runs/experiment4/experiment4_source_ablation_formal200_20260503_r1\runs\formal_eval200\V5_plan_detail_no_ma\D_SFT\predictions\V5_plan_detail_no_ma_D_SFT\canonical_json\KAAA_R03.json,True,True,True,17,19,0.8947368421052632,,
V5_plan_detail_no_ma,D_SFT,KAAA_R21,formal_runs/experiment4/experiment4_source_ablation_formal200_20260503_r1\runs\formal_eval200\V5_plan_detail_no_ma\D_SFT\predictions\V5_plan_detail_no_ma_D_SFT\canonical_json\KAAA_R21.json,True,False,False,,,,schema_validation,chart_id: 'KMCLE_V09' does not match '^[A-Z]{4}_[A-Z0-9\\-]+$'; procedure.airport: 'KMCLE' does not match '^[A-Z]{4}$'
V5_plan_detail_no_ma,D_SFT,KAAF_R06,formal_runs/experiment4/experiment4_source_ablation_formal200_20260503_r1\runs\formal_eval200\V5_plan_detail_no_ma\D_SFT\predictions\V5_plan_detail_no_ma_D_SFT\canonical_json\KAAF_R06.json,True,True,True,12,19,0.631578947368421,,
V5_plan_detail_no_ma,D_SFT,KAAF_R14,formal_runs/experiment4/experiment4_source_ablation_formal200_20260503_r1\runs\formal_eval200\V5_plan_detail_no_ma\D_SFT\predictions\V5_plan_detail_no_ma_D_SFT\canonical_json\KAAF_R14.json,True,True,True,12,19,0.631578947368421,,
V5_plan_detail_no_ma,D_SFT,KAAF_R24,formal_runs/experiment4/experiment4_source_ablation_formal200_20260503_r1\runs\formal_eval200\V5_plan_detail_no_ma\D_SFT\predictions\V5_plan_detail_no_ma_D_SFT\canonical_json\KAAF_R24.json,True,True,True,17,19,0.8947368421052632,,
V5_plan_detail_no_ma,D_SFT,KAAS_R05,formal_runs/experiment4/experiment4_source_ablation_formal200_20260503_r1\runs\formal_eval200\V5_plan_detail_no_ma\D_SFT\predictions\V5_plan_detail_no_ma_D_SFT\canonical_json\KAAS_R05.json,True,True,True,16,19,0.8421052631578947,,
V5_plan_detail_no_ma,D_SFT,KAAS_R23,formal_runs/experiment4/experiment4_source_ablation_formal200_20260503_r1\runs\formal_eval200\V5_plan_detail_no_ma\D_SFT\predictions\V5_plan_detail_no_ma_D_SFT\canonical_json\KAAS_R23.json,True,False,False,,,,schema_validation,chart_id: 'KPE7_I023' does not match '^[A-Z]{4}_[A-Z0-9\\-]+$'; procedure.airport: 'KPE7' does not match '^[A-Z]{4}$'
V5_plan_detail_no_ma,D_SFT,KABI_R17L,formal_runs/experiment4/experiment4_source_ablation_formal200_20260503_r1\runs\formal_eval200\V5_plan_detail_no_ma\D_SFT\predictions\V5_plan_detail_no_ma_D_SFT\canonical_json\KABI_R17L.json,True,True,True,16,19,0.8421052631578947,,
V5_plan_detail_no_ma,D_SFT,KABI_R35R,formal_runs/experiment4/experiment4_source_ablation_formal200_20260503_r1\runs\formal_eval200\V5_plan_detail_no_ma\D_SFT\predictions\V5_plan_detail_no_ma_D_SFT\canonical_json\KABI_R35R.json,True,True,True,14,19,0.7368421052631579,,
V5_plan_detail_no_ma,D_SFT,KABR_R13,formal_runs/experiment4/experiment4_source_ablation_formal200_20260503_r1\runs\formal_eval200\V5_plan_detail_no_ma\D_SFT\predictions\V5_plan_detail_no_ma_D_SFT\canonical_json\KABR_R13.json,True,False,False,,,,schema_validation,chart_id: 'KHATH_I1302' does not match '^[A-Z]{4}_[A-Z0-9\\-]+$'; procedure.airport: 'KHATH' does not match '^[A-Z]{4}$'
V5_plan_detail_no_ma,D_SFT,KABR_R17,formal_runs/experiment4/experiment4_source_ablation_formal200_20260503_r1\runs\formal_eval200\V5_plan_detail_no_ma\D_SFT\predictions\V5_plan_detail_no_ma_D_SFT\canonical_json\KABR_R17.json,True,True,True,15,19,0.7894736842105263,,
V5_plan_detail_no_ma,D_SFT,KABR_R31,formal_runs/experiment4/experiment4_source_ablation_formal200_20260503_r1\runs\formal_eval200\V5_plan_detail_no_ma\D_SFT\predictions\V5_plan_detail_no_ma_D_SFT\canonical_json\KABR_R31.json,True,True,True,15,19,0.7894736842105263,,
V5_plan_detail_no_ma,D_SFT,KACJ_R05,formal_runs/experiment4/experiment4_source_ablation_formal200_20260503_r1\runs\formal_eval200\V5_plan_detail_no_ma\D_SFT\predictions\V5_plan_detail_no_ma_D_SFT\canonical_json\KACJ_R05.json,True,False,False,,,,schema_validation,chart_id: 'KHASER_L911' does not match '^[A-Z]{4}_[A-Z0-9\\-]+$'; procedure.airport: 'KHASER' does not match '^[A-Z]{4}$'
V5_plan_detail_no_ma,D_SFT,KACJ_R23,formal_runs/experiment4/experiment4_source_ablation_formal200_20260503_r1\runs\formal_eval200\V5_plan_detail_no_ma\D_SFT\predictions\V5_plan_detail_no_ma_D_SFT\canonical_json\KACJ_R23.json,True,True,True,14,19,0.7368421052631579,,
V5_plan_detail_no_ma,D_SFT,KACK_R06,formal_runs/experiment4/experiment4_source_ablation_formal200_20260503_r1\runs\formal_eval200\V5_plan_detail_no_ma\D_SFT\predictions\V5_plan_detail_no_ma_D_SFT\canonical_json\KACK_R06.json,True,True,True,14,19,0.7368421052631579,,
V5_plan_detail_no_ma,D_SFT,KACK_R15,formal_runs/experiment4/experiment4_source_ablation_formal200_20260503_r1\runs\formal_eval200\V5_plan_detail_no_ma\D_SFT\predictions\V5_plan_detail_no_ma_D_SFT\canonical_json\KACK_R15.json,True,True,True,11,19,0.5789473684210527,,
V5_plan_detail_no_ma,D_SFT,KACP_R18,formal_runs/experiment4/experiment4_source_ablation_formal200_20260503_r1\runs\formal_eval200\V5_plan_detail_no_ma\D_SFT\predictions\V5_plan_detail_no_ma_D_SFT\canonical_json\KACP_R18.json,True,True,True,11,19,0.5789473684210527,,
V5_plan_detail_no_ma,D_SFT,KACP_R36,formal_runs/experiment4/experiment4_source_ablation_formal200_20260503_r1\runs\formal_eval200\V5_plan_detail_no_ma\D_SFT\predictions\V5_plan_detail_no_ma_D_SFT\canonical_json\KACP_R36.json,True,True,True,16,19,0.8421052631578947,,
V5_plan_detail_no_ma,D_SFT,KACQ_R15,formal_runs/experiment4/experiment4_source_ablation_formal200_20260503_r1\runs\formal_eval200\V5_plan_detail_no_ma\D_SFT\predictions\V5_plan_detail_no_ma_D_SFT\canonical_json\KACQ_R15.json,True,False,False,,,,schema_validation,chart_id: 'KPRAG_I15' does not match '^[A-Z]{4}_[A-Z0-9\\-]+$'; procedure.airport: 'KPRAG' does not match '^[A-Z]{4}$'
V5_plan_detail_no_ma,D_SFT,KACQ_R33,formal_runs/experiment4/experiment4_source_ablation_formal200_20260503_r1\runs\formal_eval200\V5_plan_detail_no_ma\D_SFT\predictions\V5_plan_detail_no_ma_D_SFT\canonical_json\KACQ_R33.json,True,True,True,15,19,0.7894736842105263,,
V5_plan_detail_no_ma,D_SFT,KACY_R04,formal_runs/experiment4/experiment4_source_ablation_formal200_20260503_r1\runs\formal_eval200\V5_plan_detail_no_ma\D_SFT\predictions\V5_plan_detail_no_ma_D_SFT\canonical_json\KACY_R04.json,True,True,True,12,19,0.631578947368421,,
V5_plan_detail_no_ma,D_SFT,KADC_R16,formal_runs/experiment4/experiment4_source_ablation_formal200_20260503_r1\runs\formal_eval200\V5_plan_detail_no_ma\D_SFT\predictions\V5_plan_detail_no_ma_D_SFT\canonical_json\KADC_R16.json,True,True,True,15,19,0.7894736842105263,,
V5_plan_detail_no_ma,D_SFT,KADC_R34,formal_runs/experiment4/experiment4_source_ablation_formal200_20260503_r1\runs\formal_eval200\V5_plan_detail_no_ma\D_SFT\predictions\V5_plan_detail_no_ma_D_SFT\canonical_json\KADC_R34.json,True,True,True,14,19,0.7368421052631579,,
V5_plan_detail_no_ma,D_SFT,KADF_R04,formal_runs/experiment4/experiment4_source_ablation_formal200_20260503_r1\runs\formal_eval200\V5_plan_detail_no_ma\D_SFT\predictions\V5_plan_detail_no_ma_D_SFT\canonical_json\KADF_R04.json,True,True,True,13,19,0.6842105263157895,,
V5_plan_detail_no_ma,D_SFT,KADH_R18,formal_runs/experiment4/experiment4_source_ablation_formal200_20260503_r1\runs\formal_eval200\V5_plan_detail_no_ma\D_SFT\predictions\V5_plan_detail_no_ma_D_SFT\canonical_json\KADH_R18.json,True,True,True,13,19,0.6842105263157895,,
V5_plan_detail_no_ma,D_SFT,KADH_R36,formal_runs/experiment4/experiment4_source_ablation_formal200_20260503_r1\runs\formal_eval200\V5_plan_detail_no_ma\D_SFT\predictions\V5_plan_detail_no_ma_D_SFT\canonical_json\KADH_R36.json,True,True,True,13,19,0.6842105263157895,,
V5_plan_detail_no_ma,D_SFT,KADM_R13,formal_runs/experiment4/experiment4_source_ablation_formal200_20260503_r1\runs\formal_eval200\V5_plan_detail_no_ma\D_SFT\predictions\V5_plan_detail_no_ma_D_SFT\canonical_json\KADM_R13.json,True,True,True,17,19,0.8947368421052632,,
V5_plan_detail_no_ma,D_SFT,KADM_R31,formal_runs/experiment4/experiment4_source_ablation_formal200_20260503_r1\runs\formal_eval200\V5_plan_detail_no_ma\D_SFT\predictions\V5_plan_detail_no_ma_D_SFT\canonical_json\KADM_R31.json,True,True,True,17,19,0.8947368421052632,,
V5_plan_detail_no_ma,D_SFT,KAEG_R04,formal_runs/experiment4/experiment4_source_ablation_formal200_20260503_r1\runs\formal_eval200\V5_plan_detail_no_ma\D_SFT\predictions\V5_plan_detail_no_ma_D_SFT\canonical_json\KAEG_R04.json,True,True,True,13,19,0.6842105263157895,,
V5_plan_detail_no_ma,D_SFT,KAEG_R22,formal_runs/experiment4/experiment4_source_ablation_formal200_20260503_r1\runs\formal_eval200\V5_plan_detail_no_ma\D_SFT\predictions\V5_plan_detail_no_ma_D_SFT\canonical_json\KAEG_R22.json,True,False,False,,,,schema_validation,chart_id: 'KQ00_L22' does not match '^[A-Z]{4}_[A-Z0-9\\-]+$'; procedure.airport: 'KQ00' does not match '^[A-Z]{4}$'
V5_plan_detail_no_ma,D_SFT,KAEL_R17,formal_runs/experiment4/experiment4_source_ablation_formal200_20260503_r1\runs\formal_eval200\V5_plan_detail_no_ma\D_SFT\predictions\V5_plan_detail_no_ma_D_SFT\canonical_json\KAEL_R17.json,True,False,False,,,,schema_validation,chart_id: 'K2321_K17' does not match '^[A-Z]{4}_[A-Z0-9\\-]+$'; procedure.airport: 'K2321' does not match '^[A-Z]{4}$'
V5_plan_detail_no_ma,D_SFT,KAEL_R35,formal_runs/experiment4/experiment4_source_ablation_formal200_20260503_r1\runs\formal_eval200\V5_plan_detail_no_ma\D_SFT\predictions\V5_plan_detail_no_ma_D_SFT\canonical_json\KAEL_R35.json,True,True,True,11,19,0.5789473684210527,,
V5_plan_detail_no_ma,D_SFT,KAFJ_R09,formal_runs/experiment4/experiment4_source_ablation_formal200_20260503_r1\runs\formal_eval200\V5_plan_detail_no_ma\D_SFT\predictions\V5_plan_detail_no_ma_D_SFT\canonical_json\KAFJ_R09.json,True,True,True,17,19,0.8947368421052632,,
V5_plan_detail_no_ma,D_SFT,KAFJ_R27,formal_runs/experiment4/experiment4_source_ablation_formal200_20260503_r1\runs\formal_eval200\V5_plan_detail_no_ma\D_SFT\predictions\V5_plan_detail_no_ma_D_SFT\canonical_json\KAFJ_R27.json,True,False,False,,,,schema_validation,chart_id: 'KNEST_I06' does not match '^[A-Z]{4}_[A-Z0-9\\-]+$'; procedure.airport: 'KNEST' does not match '^[A-Z]{4}$'
V5_plan_detail_no_ma,D_SFT,KAFP_R16,formal_runs/experiment4/experiment4_source_ablation_formal200_20260503_r1\runs\formal_eval200\V5_plan_detail_no_ma\D_SFT\predictions\V5_plan_detail_no_ma_D_SFT\canonical_json\KAFP_R16.json,True,False,False,,,,schema_validation,chart_id: 'KJORG_I06' does not match '^[A-Z]{4}_[A-Z0-9\\-]+$'; procedure.airport: 'KJORG' does not match '^[A-Z]{4}$'
V5_plan_detail_no_ma,D_SFT,KAFP_R34,formal_runs/experiment4/experiment4_source_ablation_formal200_20260503_r1\runs\formal_eval200\V5_plan_detail_no_ma\D_SFT\predictions\V5_plan_detail_no_ma_D_SFT\canonical_json\KAFP_R34.json,True,False,False,,,,schema_validation,chart_id: 'KJorga_I04' does not match '^[A-Z]{4}_[A-Z0-9\\-]+$'; procedure.airport: 'KJorga' does not match '^[A-Z]{4}$'
V5_plan_detail_no_ma,D_SFT,KAFW_R16L,formal_runs/experiment4/experiment4_source_ablation_formal200_20260503_r1\runs\formal_eval200\V5_plan_detail_no_ma\D_SFT\predictions\V5_plan_detail_no_ma_D_SFT\canonical_json\KAFW_R16L.json,True,True,True,17,19,0.8947368421052632,,
V5_plan_detail_no_ma,D_SFT,KAFW_R16R,formal_runs/experiment4/experiment4_source_ablation_formal200_20260503_r1\runs\formal_eval200\V5_plan_detail_no_ma\D_SFT\predictions\V5_plan_detail_no_ma_D_SFT\canonical_json\KAFW_R16R.json,True,True,True,14,19,0.7368421052631579,,
V5_plan_detail_no_ma,D_SFT,KAGO_R18,formal_runs/experiment4/experiment4_source_ablation_formal200_20260503_r1\runs\formal_eval200\V5_plan_detail_no_ma\D_SFT\predictions\V5_plan_detail_no_ma_D_SFT\canonical_json\KAGO_R18.json,True,True,True,12,19,0.631578947368421,,
V5_plan_detail_no_ma,D_SFT,KAGO_R36,formal_runs/experiment4/experiment4_source_ablation_formal200_20260503_r1\runs\formal_eval200\V5_plan_detail_no_ma\D_SFT\predictions\V5_plan_detail_no_ma_D_SFT\canonical_json\KAGO_R36.json,True,True,True,14,19,0.7368421052631579,,
V5_plan_detail_no_ma,D_SFT,KAGZ_R09,formal_runs/experiment4/experiment4_source_ablation_formal200_20260503_r1\runs\formal_eval200\V5_plan_detail_no_ma\D_SFT\predictions\V5_plan_detail_no_ma_D_SFT\canonical_json\KAGZ_R09.json,True,True,True,17,19,0.8947368421052632,,
V5_plan_detail_no_ma,D_SFT,KAGZ_R27,formal_runs/experiment4/experiment4_source_ablation_formal200_20260503_r1\runs\formal_eval200\V5_plan_detail_no_ma\D_SFT\predictions\V5_plan_detail_no_ma_D_SFT\canonical_json\KAGZ_R27.json,True,False,False,,,,schema_validation,chart_id: 'KTECU_L350' does not match '^[A-Z]{4}_[A-Z0-9\\-]+$'; procedure.airport: 'KTECU' does not match '^[A-Z]{4}$'
V5_plan_detail_no_ma,D_SFT,KAHN_R02,formal_runs/experiment4/experiment4_source_ablation_formal200_20260503_r1\runs\formal_eval200\V5_plan_detail_no_ma\D_SFT\predictions\V5_plan_detail_no_ma_D_SFT\canonical_json\KAHN_R02.json,True,False,False,,,,schema_validation,chart_id: 'KUMIL_L05' does not match '^[A-Z]{4}_[A-Z0-9\\-]+$'; procedure.airport: 'KUMIL' does not match '^[A-Z]{4}$'
V5_plan_detail_no_ma,D_SFT,KAHN_R09,formal_runs/experiment4/experiment4_source_ablation_formal200_20260503_r1\runs\formal_eval200\V5_plan_detail_no_ma\D_SFT\predictions\V5_plan_detail_no_ma_D_SFT\canonical_json\KAHN_R09.json,True,True,True,13,19,0.6842105263157895,,
V5_plan_detail_no_ma,D_SFT,KAHN_R20,formal_runs/experiment4/experiment4_source_ablation_formal200_20260503_r1\runs\formal_eval200\V5_plan_detail_no_ma\D_SFT\predictions\V5_plan_detail_no_ma_D_SFT\canonical_json\KAHN_R20.json,True,False,False,,,,schema_validation,chart_id: 'KTHUD_I07' does not match '^[A-Z]{4}_[A-Z0-9\\-]+$'; procedure.airport: 'KTHUD' does not match '^[A-Z]{4}$'
V5_plan_detail_no_ma,D_SFT,KAIA_R08,formal_runs/experiment4/experiment4_source_ablation_formal200_20260503_r1\runs\formal_eval200\V5_plan_detail_no_ma\D_SFT\predictions\V5_plan_detail_no_ma_D_SFT\canonical_json\KAIA_R08.json,True,True,True,15,19,0.7894736842105263,,
V5_plan_detail_no_ma,D_SFT,KAIA_R12,formal_runs/experiment4/experiment4_source_ablation_formal200_20260503_r1\runs\formal_eval200\V5_plan_detail_no_ma\D_SFT\predictions\V5_plan_detail_no_ma_D_SFT\canonical_json\KAIA_R12.json,True,True,True,14,19,0.7368421052631579,,
V5_plan_detail_no_ma,D_SFT,KAIA_R26,formal_runs/experiment4/experiment4_source_ablation_formal200_20260503_r1\runs\formal_eval200\V5_plan_detail_no_ma\D_SFT\predictions\V5_plan_detail_no_ma_D_SFT\canonical_json\KAIA_R26.json,False,False,False,,,,missing_prediction,prediction json does not exist
V5_plan_detail_no_ma,D_SFT,KAIG_R09,formal_runs/experiment4/experiment4_source_ablation_formal200_20260503_r1\runs\formal_eval200\V5_plan_detail_no_ma\D_SFT\predictions\V5_plan_detail_no_ma_D_SFT\canonical_json\KAIG_R09.json,True,True,True,16,19,0.8421052631578947,,
V5_plan_detail_no_ma,D_SFT,KAIG_R17,formal_runs/experiment4/experiment4_source_ablation_formal200_20260503_r1\runs\formal_eval200\V5_plan_detail_no_ma\D_SFT\predictions\V5_plan_detail_no_ma_D_SFT\canonical_json\KAIG_R17.json,True,False,False,,,,schema_validation,chart_id: 'KZOXY_L15' does not match '^[A-Z]{4}_[A-Z0-9\\-]+$'; procedure.airport: 'KZOXY' does not match '^[A-Z]{4}$'
V5_plan_detail_no_ma,D_SFT,KAIG_R27,formal_runs/experiment4/experiment4_source_ablation_formal200_20260503_r1\runs\formal_eval200\V5_plan_detail_no_ma\D_SFT\predictions\V5_plan_detail_no_ma_D_SFT\canonical_json\KAIG_R27.json,True,True,True,13,19,0.6842105263157895,,
V5_plan_detail_no_ma,D_SFT,KAIK_R07,formal_runs/experiment4/experiment4_source_ablation_formal200_20260503_r1\runs\formal_eval200\V5_plan_detail_no_ma\D_SFT\predictions\V5_plan_detail_no_ma_D_SFT\canonical_json\KAIK_R07.json,True,True,True,13,19,0.6842105263157895,,
V5_plan_detail_no_ma,D_SFT,KAIK_R25,formal_runs/experiment4/experiment4_source_ablation_formal200_20260503_r1\runs\formal_eval200\V5_plan_detail_no_ma\D_SFT\predictions\V5_plan_detail_no_ma_D_SFT\canonical_json\KAIK_R25.json,True,True,True,12,19,0.631578947368421,,
V5_plan_detail_no_ma,D_SFT,KAIO_R02,formal_runs/experiment4/experiment4_source_ablation_formal200_20260503_r1\runs\formal_eval200\V5_plan_detail_no_ma\D_SFT\predictions\V5_plan_detail_no_ma_D_SFT\canonical_json\KAIO_R02.json,True,True,True,15,19,0.7894736842105263,,
V5_plan_detail_no_ma,D_SFT,KAIO_R20,formal_runs/experiment4/experiment4_source_ablation_formal200_20260503_r1\runs\formal_eval200\V5_plan_detail_no_ma\D_SFT\predictions\V5_plan_detail_no_ma_D_SFT\canonical_json\KAIO_R20.json,True,True,True,15,19,0.7894736842105263,,
V5_plan_detail_no_ma,D_SFT,KAIT_R16,formal_runs/experiment4/experiment4_source_ablation_formal200_20260503_r1\runs\formal_eval200\V5_plan_detail_no_ma\D_SFT\predictions\V5_plan_detail_no_ma_D_SFT\canonical_json\KAIT_R16.json,True,False,False,,,,schema_validation,chart_id: 'KGZ_GPZ' does not match '^[A-Z]{4}_[A-Z0-9\\-]+$'; procedure.airport: 'KGZ' does not match '^[A-Z]{4}$'
V5_plan_detail_no_ma,D_SFT,KAIT_R34,formal_runs/experiment4/experiment4_source_ablation_formal200_20260503_r1\runs\formal_eval200\V5_plan_detail_no_ma\D_SFT\predictions\V5_plan_detail_no_ma_D_SFT\canonical_json\KAIT_R34.json,True,False,False,,,,schema_validation,chart_id: 'KUNDR_L383' does not match '^[A-Z]{4}_[A-Z0-9\\-]+$'; procedure.airport: 'KUNDR' does not match '^[A-Z]{4}$'
V5_plan_detail_no_ma,D_SFT,KAIV_R06,formal_runs/experiment4/experiment4_source_ablation_formal200_20260503_r1\runs\formal_eval200\V5_plan_detail_no_ma\D_SFT\predictions\V5_plan_detail_no_ma_D_SFT\canonical_json\KAIV_R06.json,True,True,True,15,19,0.7894736842105263,,
V5_plan_detail_no_ma,D_SFT,KAIV_R24,formal_runs/experiment4/experiment4_source_ablation_formal200_20260503_r1\runs\formal_eval200\V5_plan_detail_no_ma\D_SFT\predictions\V5_plan_detail_no_ma_D_SFT\canonical_json\KAIV_R24.json,True,False,False,,,,schema_validation,chart_id: 'K3000_L007' does not match '^[A-Z]{4}_[A-Z0-9\\-]+$'; procedure.airport: 'K3000' does not match '^[A-Z]{4}$'
V5_plan_detail_no_ma,D_SFT,KAIZ_R04,formal_runs/experiment4/experiment4_source_ablation_formal200_20260503_r1\runs\formal_eval200\V5_plan_detail_no_ma\D_SFT\predictions\V5_plan_detail_no_ma_D_SFT\canonical_json\KAIZ_R04.json,False,False,False,,,,missing_prediction,prediction json does not exist
V5_plan_detail_no_ma,D_SFT,KAIZ_R22,formal_runs/experiment4/experiment4_source_ablation_formal200_20260503_r1\runs\formal_eval200\V5_plan_detail_no_ma\D_SFT\predictions\V5_plan_detail_no_ma_D_SFT\canonical_json\KAIZ_R22.json,True,True,True,13,19,0.6842105263157895,,
V5_plan_detail_no_ma,D_SFT,KAJR_R06,formal_runs/experiment4/experiment4_source_ablation_formal200_20260503_r1\runs\formal_eval200\V5_plan_detail_no_ma\D_SFT\predictions\V5_plan_detail_no_ma_D_SFT\canonical_json\KAJR_R06.json,True,True,True,17,19,0.8947368421052632,,
V5_plan_detail_no_ma,D_SFT,KAJR_R24,formal_runs/experiment4/experiment4_source_ablation_formal200_20260503_r1\runs\formal_eval200\V5_plan_detail_no_ma\D_SFT\predictions\V5_plan_detail_no_ma_D_SFT\canonical_json\KAJR_R24.json,True,True,True,12,19,0.631578947368421,,
V5_plan_detail_no_ma,D_SFT,KAKO_R11,formal_runs/experiment4/experiment4_source_ablation_formal200_20260503_r1\runs\formal_eval200\V5_plan_detail_no_ma\D_SFT\predictions\V5_plan_detail_no_ma_D_SFT\canonical_json\KAKO_R11.json,True,True,True,16,19,0.8421052631578947,,
V5_plan_detail_no_ma,D_SFT,KAKO_R29,formal_runs/experiment4/experiment4_source_ablation_formal200_20260503_r1\runs\formal_eval200\V5_plan_detail_no_ma\D_SFT\predictions\V5_plan_detail_no_ma_D_SFT\canonical_json\KAKO_R29.json,True,True,True,15,19,0.7894736842105263,,
V5_plan_detail_no_ma,D_SFT,KALI_R13,formal_runs/experiment4/experiment4_source_ablation_formal200_20260503_r1\runs\formal_eval200\V5_plan_detail_no_ma\D_SFT\predictions\V5_plan_detail_no_ma_D_SFT\canonical_json\KALI_R13.json,True,True,True,16,19,0.8421052631578947,,
V5_plan_detail_no_ma,D_SFT,KALI_R31,formal_runs/experiment4/experiment4_source_ablation_formal200_20260503_r1\runs\formal_eval200\V5_plan_detail_no_ma\D_SFT\predictions\V5_plan_detail_no_ma_D_SFT\canonical_json\KALI_R31.json,True,True,True,14,19,0.7368421052631579,,
V5_plan_detail_no_ma,D_SFT,KALM_R04,formal_runs/experiment4/experiment4_source_ablation_formal200_20260503_r1\runs\formal_eval200\V5_plan_detail_no_ma\D_SFT\predictions\V5_plan_detail_no_ma_D_SFT\canonical_json\KALM_R04.json,True,False,False,,,,schema_validation,chart_id: 'KCTAF_L04' does not match '^[A-Z]{4}_[A-Z0-9\\-]+$'; procedure.airport: 'KCTAF' does not match '^[A-Z]{4}$'
V5_plan_detail_no_ma,D_SFT,KALN_R11,formal_runs/experiment4/experiment4_source_ablation_formal200_20260503_r1\runs\formal_eval200\V5_plan_detail_no_ma\D_SFT\predictions\V5_plan_detail_no_ma_D_SFT\canonical_json\KALN_R11.json,True,True,True,15,19,0.7894736842105263,,
V5_plan_detail_no_ma,D_SFT,KALO_R12,formal_runs/experiment4/experiment4_source_ablation_formal200_20260503_r1\runs\formal_eval200\V5_plan_detail_no_ma\D_SFT\predictions\V5_plan_detail_no_ma_D_SFT\canonical_json\KALO_R12.json,True,False,False,,,,schema_validation,chart_id: 'KUCTE_I073' does not match '^[A-Z]{4}_[A-Z0-9\\-]+$'; procedure.airport: 'KUCTE' does not match '^[A-Z]{4}$'
V5_plan_detail_no_ma,D_SFT,KALO_R18,formal_runs/experiment4/experiment4_source_ablation_formal200_20260503_r1\runs\formal_eval200\V5_plan_detail_no_ma\D_SFT\predictions\V5_plan_detail_no_ma_D_SFT\canonical_json\KALO_R18.json,True,True,True,18,19,0.9473684210526315,,
V5_plan_detail_no_ma,D_SFT,KALS_R20,formal_runs/experiment4/experiment4_source_ablation_formal200_20260503_r1\runs\formal_eval200\V5_plan_detail_no_ma\D_SFT\predictions\V5_plan_detail_no_ma_D_SFT\canonical_json\KALS_R20.json,True,False,False,,,,schema_validation,missed_approach.legs.1.answers.Q1_fix_ident.value: 'ALAMOSA' is not valid under any of the given schemas; missed_approach.legs.2.answers.Q1_fix_ident.value: 'ALAMOSA' is not valid under any of the given schemas
V5_plan_detail_no_ma,D_SFT,KALW_R20,formal_runs/experiment4/experiment4_source_ablation_formal200_20260503_r1\runs\formal_eval200\V5_plan_detail_no_ma\D_SFT\predictions\V5_plan_detail_no_ma_D_SFT\canonical_json\KALW_R20.json,True,False,False,,,,schema_validation,chart_id: 'KRENG_I20' does not match '^[A-Z]{4}_[A-Z0-9\\-]+$'; procedure.airport: 'KRENG' does not match '^[A-Z]{4}$'
V5_plan_detail_no_ma,D_SFT,KALX_R18,formal_runs/experiment4/experiment4_source_ablation_formal200_20260503_r1\runs\formal_eval200\V5_plan_detail_no_ma\D_SFT\predictions\V5_plan_detail_no_ma_D_SFT\canonical_json\KALX_R18.json,True,True,True,11,19,0.5789473684210527,,
V5_plan_detail_no_ma,D_SFT,KALX_R36,formal_runs/experiment4/experiment4_source_ablation_formal200_20260503_r1\runs\formal_eval200\V5_plan_detail_no_ma\D_SFT\predictions\V5_plan_detail_no_ma_D_SFT\canonical_json\KALX_R36.json,True,False,False,,,,schema_validation,chart_id: 'KATME_L30' does not match '^[A-Z]{4}_[A-Z0-9\\-]+$'; procedure.airport: 'KATME' does not match '^[A-Z]{4}$'
V5_plan_detail_no_ma,D_SFT,KAMG_R16,formal_runs/experiment4/experiment4_source_ablation_formal200_20260503_r1\runs\formal_eval200\V5_plan_detail_no_ma\D_SFT\predictions\V5_plan_detail_no_ma_D_SFT\canonical_json\KAMG_R16.json,True,True,True,15,19,0.7894736842105263,,
V5_plan_detail_no_ma,D_SFT,KAMG_R34,formal_runs/experiment4/experiment4_source_ablation_formal200_20260503_r1\runs\formal_eval200\V5_plan_detail_no_ma\D_SFT\predictions\V5_plan_detail_no_ma_D_SFT\canonical_json\KAMG_R34.json,True,False,False,,,,schema_validation,chart_id: 'K2300_L2300' does not match '^[A-Z]{4}_[A-Z0-9\\-]+$'; missed_approach.legs.1.answers.Q1_fix_ident.value: 'CUIYAT' is not valid under any of the given schemas; missed_approach.legs.2.answers.Q1_fix_ident.value: 'CUIYAT' is not valid under any of the given schemas; procedure.airport: 'K2300' does not match '^[A-Z]{4}$'
V5_plan_detail_no_ma,D_SFT,KAMN_R09,formal_runs/experiment4/experiment4_source_ablation_formal200_20260503_r1\runs\formal_eval200\V5_plan_detail_no_ma\D_SFT\predictions\V5_plan_detail_no_ma_D_SFT\canonical_json\KAMN_R09.json,True,True,True,17,19,0.8947368421052632,,
V5_plan_detail_no_ma,D_SFT,KAMN_R18,formal_runs/experiment4/experiment4_source_ablation_formal200_20260503_r1\runs\formal_eval200\V5_plan_detail_no_ma\D_SFT\predictions\V5_plan_detail_no_ma_D_SFT\canonical_json\KAMN_R18.json,True,True,True,17,19,0.8947368421052632,,
V5_plan_detail_no_ma,D_SFT,KAMN_R27,formal_runs/experiment4/experiment4_source_ablation_formal200_20260503_r1\runs\formal_eval200\V5_plan_detail_no_ma\D_SFT\predictions\V5_plan_detail_no_ma_D_SFT\canonical_json\KAMN_R27.json,True,True,True,16,19,0.8421052631578947,,
V5_plan_detail_no_ma,D_SFT,KAMT_R05,formal_runs/experiment4/experiment4_source_ablation_formal200_20260503_r1\runs\formal_eval200\V5_plan_detail_no_ma\D_SFT\predictions\V5_plan_detail_no_ma_D_SFT\canonical_json\KAMT_R05.json,True,True,True,14,19,0.7368421052631579,,
V5_plan_detail_no_ma,D_SFT,KAMT_R23,formal_runs/experiment4/experiment4_source_ablation_formal200_20260503_r1\runs\formal_eval200\V5_plan_detail_no_ma\D_SFT\predictions\V5_plan_detail_no_ma_D_SFT\canonical_json\KAMT_R23.json,True,False,False,,,,schema_validation,"missed_approach.legs.0.answers.Q4_course_or_radial.value: {'type': 'course_deg', 'course_deg': 1277.0} is not valid under any of the given schemas"
V5_plan_detail_no_ma,D_SFT,KAMW_R01,formal_runs/experiment4/experiment4_source_ablation_formal200_20260503_r1\runs\formal_eval200\V5_plan_detail_no_ma\D_SFT\predictions\V5_plan_detail_no_ma_D_SFT\canonical_json\KAMW_R01.json,True,True,True,14,19,0.7368421052631579,,
V5_plan_detail_no_ma,D_SFT,KAMW_R13,formal_runs/experiment4/experiment4_source_ablation_formal200_20260503_r1\runs\formal_eval200\V5_plan_detail_no_ma\D_SFT\predictions\V5_plan_detail_no_ma_D_SFT\canonical_json\KAMW_R13.json,True,True,True,16,19,0.8421052631578947,,
V5_plan_detail_no_ma,D_SFT,KAMW_R19,formal_runs/experiment4/experiment4_source_ablation_formal200_20260503_r1\runs\formal_eval200\V5_plan_detail_no_ma\D_SFT\predictions\V5_plan_detail_no_ma_D_SFT\canonical_json\KAMW_R19.json,True,True,True,12,19,0.631578947368421,,
V5_plan_detail_no_ma,D_SFT,KANB_R23,formal_runs/experiment4/experiment4_source_ablation_formal200_20260503_r1\runs\formal_eval200\V5_plan_detail_no_ma\D_SFT\predictions\V5_plan_detail_no_ma_D_SFT\canonical_json\KANB_R23.json,True,True,True,13,19,0.6842105263157895,,
V5_plan_detail_no_ma,D_SFT,KANJ_R32,formal_runs/experiment4/experiment4_source_ablation_formal200_20260503_r1\runs\formal_eval200\V5_plan_detail_no_ma\D_SFT\predictions\V5_plan_detail_no_ma_D_SFT\canonical_json\KANJ_R32.json,True,False,False,,,,schema_validation,chart_id: 'KUCEB_K32' does not match '^[A-Z]{4}_[A-Z0-9\\-]+$'; procedure.airport: 'KUCEB' does not match '^[A-Z]{4}$'
V5_plan_detail_no_ma,D_SFT,KANQ_R05,formal_runs/experiment4/experiment4_source_ablation_formal200_20260503_r1\runs\formal_eval200\V5_plan_detail_no_ma\D_SFT\predictions\V5_plan_detail_no_ma_D_SFT\canonical_json\KANQ_R05.json,True,True,True,16,19,0.8421052631578947,,
V5_plan_detail_no_ma,D_SFT,KANQ_R23,formal_runs/experiment4/experiment4_source_ablation_formal200_20260503_r1\runs\formal_eval200\V5_plan_detail_no_ma\D_SFT\predictions\V5_plan_detail_no_ma_D_SFT\canonical_json\KANQ_R23.json,True,True,True,15,19,0.7894736842105263,,
V5_plan_detail_no_ma,D_SFT,KANW_R13,formal_runs/experiment4/experiment4_source_ablation_formal200_20260503_r1\runs\formal_eval200\V5_plan_detail_no_ma\D_SFT\predictions\V5_plan_detail_no_ma_D_SFT\canonical_json\KANW_R13.json,True,True,True,12,19,0.631578947368421,,
V5_plan_detail_no_ma,D_SFT,KANW_R17,formal_runs/experiment4/experiment4_source_ablation_formal200_20260503_r1\runs\formal_eval200\V5_plan_detail_no_ma\D_SFT\predictions\V5_plan_detail_no_ma_D_SFT\canonical_json\KANW_R17.json,True,True,True,12,19,0.631578947368421,,
V5_plan_detail_no_ma,D_SFT,KANW_R31,formal_runs/experiment4/experiment4_source_ablation_formal200_20260503_r1\runs\formal_eval200\V5_plan_detail_no_ma\D_SFT\predictions\V5_plan_detail_no_ma_D_SFT\canonical_json\KANW_R31.json,True,True,True,12,19,0.631578947368421,,
V5_plan_detail_no_ma,D_SFT,KAOV_R13,formal_runs/experiment4/experiment4_source_ablation_formal200_20260503_r1\runs\formal_eval200\V5_plan_detail_no_ma\D_SFT\predictions\V5_plan_detail_no_ma_D_SFT\canonical_json\KAOV_R13.json,True,True,True,12,19,0.631578947368421,,
V5_plan_detail_no_ma,D_SFT,KAOV_R31,formal_runs/experiment4/experiment4_source_ablation_formal200_20260503_r1\runs\formal_eval200\V5_plan_detail_no_ma\D_SFT\predictions\V5_plan_detail_no_ma_D_SFT\canonical_json\KAOV_R31.json,True,True,True,12,19,0.631578947368421,,
V5_plan_detail_no_ma,D_SFT,KAPF_R05-Y,formal_runs/experiment4/experiment4_source_ablation_formal200_20260503_r1\runs\formal_eval200\V5_plan_detail_no_ma\D_SFT\predictions\V5_plan_detail_no_ma_D_SFT\canonical_json\KAPF_R05-Y.json,True,True,True,14,19,0.7368421052631579,,
V5_plan_detail_no_ma,D_SFT,KAPF_R14,formal_runs/experiment4/experiment4_source_ablation_formal200_20260503_r1\runs\formal_eval200\V5_plan_detail_no_ma\D_SFT\predictions\V5_plan_detail_no_ma_D_SFT\canonical_json\KAPF_R14.json,True,True,True,12,19,0.631578947368421,,
V5_plan_detail_no_ma,D_SFT,KAPF_R23-Y,formal_runs/experiment4/experiment4_source_ablation_formal200_20260503_r1\runs\formal_eval200\V5_plan_detail_no_ma\D_SFT\predictions\V5_plan_detail_no_ma_D_SFT\canonical_json\KAPF_R23-Y.json,True,True,True,12,19,0.631578947368421,,
V5_plan_detail_no_ma,D_SFT,KAQO_R17,formal_runs/experiment4/experiment4_source_ablation_formal200_20260503_r1\runs\formal_eval200\V5_plan_detail_no_ma\D_SFT\predictions\V5_plan_detail_no_ma_D_SFT\canonical_json\KAQO_R17.json,True,True,True,17,19,0.8947368421052632,,
V5_plan_detail_no_ma,D_SFT,KAQO_R35,formal_runs/experiment4/experiment4_source_ablation_formal200_20260503_r1\runs\formal_eval200\V5_plan_detail_no_ma\D_SFT\predictions\V5_plan_detail_no_ma_D_SFT\canonical_json\KAQO_R35.json,True,True,True,11,19,0.5789473684210527,,
V5_plan_detail_no_ma,D_SFT,KAQX_R17,formal_runs/experiment4/experiment4_source_ablation_formal200_20260503_r1\runs\formal_eval200\V5_plan_detail_no_ma\D_SFT\predictions\V5_plan_detail_no_ma_D_SFT\canonical_json\KAQX_R17.json,True,True,True,13,19,0.6842105263157895,,
V5_plan_detail_no_ma,D_SFT,KAQX_R35,formal_runs/experiment4/experiment4_source_ablation_formal200_20260503_r1\runs\formal_eval200\V5_plan_detail_no_ma\D_SFT\predictions\V5_plan_detail_no_ma_D_SFT\canonical_json\KAQX_R35.json,True,True,True,14,19,0.7368421052631579,,
V5_plan_detail_no_ma,D_SFT,KARA_R17,formal_runs/experiment4/experiment4_source_ablation_formal200_20260503_r1\runs\formal_eval200\V5_plan_detail_no_ma\D_SFT\predictions\V5_plan_detail_no_ma_D_SFT\canonical_json\KARA_R17.json,True,False,False,,,,schema_validation,chart_id: 'KLULE_L17' does not match '^[A-Z]{4}_[A-Z0-9\\-]+$'; procedure.airport: 'KLULE' does not match '^[A-Z]{4}$'
V5_plan_detail_no_ma,D_SFT,KARA_R35,formal_runs/experiment4/experiment4_source_ablation_formal200_20260503_r1\runs\formal_eval200\V5_plan_detail_no_ma\D_SFT\predictions\V5_plan_detail_no_ma_D_SFT\canonical_json\KARA_R35.json,True,True,True,15,19,0.7894736842105263,,
V5_plan_detail_no_ma,D_SFT,KARB_R06,formal_runs/experiment4/experiment4_source_ablation_formal200_20260503_r1\runs\formal_eval200\V5_plan_detail_no_ma\D_SFT\predictions\V5_plan_detail_no_ma_D_SFT\canonical_json\KARB_R06.json,True,True,True,16,19,0.8421052631578947,,
V5_plan_detail_no_ma,D_SFT,KARB_R24,formal_runs/experiment4/experiment4_source_ablation_formal200_20260503_r1\runs\formal_eval200\V5_plan_detail_no_ma\D_SFT\predictions\V5_plan_detail_no_ma_D_SFT\canonical_json\KARB_R24.json,True,True,True,15,19,0.7894736842105263,,
V5_plan_detail_no_ma,D_SFT,KARG_R18,formal_runs/experiment4/experiment4_source_ablation_formal200_20260503_r1\runs\formal_eval200\V5_plan_detail_no_ma\D_SFT\predictions\V5_plan_detail_no_ma_D_SFT\canonical_json\KARG_R18.json,True,True,True,13,19,0.6842105263157895,,
V5_plan_detail_no_ma,D_SFT,KARG_R22,formal_runs/experiment4/experiment4_source_ablation_formal200_20260503_r1\runs\formal_eval200\V5_plan_detail_no_ma\D_SFT\predictions\V5_plan_detail_no_ma_D_SFT\canonical_json\KARG_R22.json,False,False,False,,,,missing_prediction,prediction json does not exist
